7fd832ca68401ed3ce41c8a9e89a68a7dc146068a757f94da712c4e3170db65e	3248251	binutils-2.46.0-r0.apk	binutils	2.46.0-r0	x86_64	https://dhi.io/apk/alpine/v3.23/main/x86_64/binutils-2.46.0-r0.apk
26400e81467701b76649f1fb6983125c680ca345ea63b395620297bfc9ee9024	428452	brotli-libs-1.2.0-r0.apk	brotli-libs	1.2.0-r0	x86_64	https://dhi.io/apk/alpine/v3.23/main/x86_64/brotli-libs-1.2.0-r0.apk
2c442c280457f84c549d657802be8548e391c11bfd6b8194d628830e3727db96	1247	build-base-0.5-r3.apk	build-base	0.5-r3	x86_64	https://dhi.io/apk/alpine/v3.23/main/x86_64/build-base-0.5-r3.apk
86d10408046f8fdc704fe6d623ffc07972c1f9f85feb530d85019c2fbe79d334	110453	c-ares-1.34.8-r0.apk	c-ares	1.34.8-r0	x86_64	https://dhi.io/apk/alpine/v3.23/main/x86_64/c-ares-1.34.8-r0.apk
819a75cbcd286e7b33155230d6e846f67e5dcc5156a9645dfb2b1cd51265d2a3	219904	clang16-16.0.6-r9.apk	clang16	16.0.6-r9	x86_64	https://dhi.io/apk/alpine/v3.23/main/x86_64/clang16-16.0.6-r9.apk
86b096a84e65fb2465e485eee88e9d0f62154ffdd75cd1fca800b8e55d324105	877036	clang16-headers-16.0.6-r9.apk	clang16-headers	16.0.6-r9	x86_64	https://dhi.io/apk/alpine/v3.23/main/x86_64/clang16-headers-16.0.6-r9.apk
c29b1bd6a44788c8d7ed1dc40686f868b377c53b7069ce2b426d175ee01cf6f8	24651553	clang16-libs-16.0.6-r9.apk	clang16-libs	16.0.6-r9	x86_64	https://dhi.io/apk/alpine/v3.23/main/x86_64/clang16-libs-16.0.6-r9.apk
2b345a81ac798c50390351e7977672f6a387d4e4ad0bb641c5c3a581ce430122	9620	file-5.46-r2.apk	file	5.46-r2	x86_64	https://dhi.io/apk/alpine/v3.23/main/x86_64/file-5.46-r2.apk
d47b805a039dd7d4132160422268afecf1fb2e33b54861307388ec1cc4d58517	6737	fortify-headers-1.1-r5.apk	fortify-headers	1.1-r5	x86_64	https://dhi.io/apk/alpine/v3.23/main/x86_64/fortify-headers-1.1-r5.apk
1cf5047e15fdaa7cbc4e0becf4ce7fc60c3fba806bc0eb4ab6fa4b18cdb7f108	18460397	g++-15.2.0-r2.apk	g++	15.2.0-r2	x86_64	https://dhi.io/apk/alpine/v3.23/main/x86_64/g++-15.2.0-r2.apk
efd8aa2a5a21fd1b944b54320dacf02a67c0241d710394c96e68bb62044b4ccd	62780983	gcc-15.2.0-r2.apk	gcc	15.2.0-r2	x86_64	https://dhi.io/apk/alpine/v3.23/main/x86_64/gcc-15.2.0-r2.apk
8a5169b32c394e4e919c6c789b9b0f6a489a2a3ef3b43cfc4f805888127710b9	219558	gmp-6.3.0-r4.apk	gmp	6.3.0-r4	x86_64	https://dhi.io/apk/alpine/v3.23/main/x86_64/gmp-6.3.0-r4.apk
6c3b16f3eeb8b16577517138ef0db1aec493cb2add0c54c0b67c5dd0fdf78222	284619	icu-76.1-r1.apk	icu	76.1-r1	x86_64	https://dhi.io/apk/alpine/v3.23/main/x86_64/icu-76.1-r1.apk
e7c51af96f0865b9a2710777e56b777b607fd64e52d5e302617b34b010c34e2c	1051283	icu-dev-76.1-r1.apk	icu-dev	76.1-r1	x86_64	https://dhi.io/apk/alpine/v3.23/main/x86_64/icu-dev-76.1-r1.apk
57ce6c45b68f71bc9d2a8d0a0a3f36b7f94331b0e849475e7d67d3ab4e0567e3	885358	isl26-0.26-r1.apk	isl26	0.26-r1	x86_64	https://dhi.io/apk/alpine/v3.23/main/x86_64/isl26-0.26-r1.apk
13cd714e36f6ce5727b7260cc20adab2bb7891ffdc20ab0b21390106a1648e66	49052	jansson-2.14.1-r0.apk	jansson	2.14.1-r0	x86_64	https://dhi.io/apk/alpine/v3.23/main/x86_64/jansson-2.14.1-r0.apk
f5da8dd4efdf31f08600ccfac6c8ec9ef3bfb6606a89f5bc0420261583244649	10151	libatomic-15.2.0-r2.apk	libatomic	15.2.0-r2	x86_64	https://dhi.io/apk/alpine/v3.23/main/x86_64/libatomic-15.2.0-r2.apk
63179966e9284ea0932d8643ab42a475c991f79e8109c3a90a27ece88c5462ff	357681	libcurl-8.22.0-r0.apk	libcurl	8.22.0-r0	x86_64	https://dhi.io/apk/alpine/v3.23/main/x86_64/libcurl-8.22.0-r0.apk
161d5eb00fad7a1882958638a81620fd6d78fc93abaf7f08b9ea510f41d9316b	84900	libecpg-18.6-r0.apk	libecpg	18.6-r0	x86_64	https://dhi.io/apk/alpine/v3.23/main/x86_64/libecpg-18.6-r0.apk
0050f43f3fa5871d5a5d974f0f83317d12481f6ef1b6e998787c76ae65eeeaaf	256329	libecpg-dev-18.6-r0.apk	libecpg-dev	18.6-r0	x86_64	https://dhi.io/apk/alpine/v3.23/main/x86_64/libecpg-dev-18.6-r0.apk
88f2aeb2bf5fb8d6e4460a005950116a8fe68392bafe3af2afa3403a927666fc	153004	libgomp-15.2.0-r2.apk	libgomp	15.2.0-r2	x86_64	https://dhi.io/apk/alpine/v3.23/main/x86_64/libgomp-15.2.0-r2.apk
391d2dfd855ef3e655c2698ed46c4f0ad63c703fe635816a67a5b58ce69fe2cc	106323	libidn2-2.3.8-r0.apk	libidn2	2.3.8-r0	x86_64	https://dhi.io/apk/alpine/v3.23/main/x86_64/libidn2-2.3.8-r0.apk
13e437e43fd8c8fb28ac2c21cccf0afe2d997e30c9cce29c1e615041dce68a28	510765	libmagic-5.46-r2.apk	libmagic	5.46-r2	x86_64	https://dhi.io/apk/alpine/v3.23/main/x86_64/libmagic-5.46-r2.apk
7beb10bf0099d5d2833bf0918cf383b2fbfc51669598d36e8978687fe5bf52a4	641405	libpq-dev-18.6-r0.apk	libpq-dev	18.6-r0	x86_64	https://dhi.io/apk/alpine/v3.23/main/x86_64/libpq-dev-18.6-r0.apk
366ac9c28a37c7e26fca0f59b32c463a26aa8d0ba031c64fa32e526e8390880d	54388	libpsl-0.21.5-r3.apk	libpsl	0.21.5-r3	x86_64	https://dhi.io/apk/alpine/v3.23/main/x86_64/libpsl-0.21.5-r3.apk
a366a1a3cf8fd2958c7f08a6a023418d0742a01600c2646430fbc7e292e6d5b5	4135602	libstdc++-dev-15.2.0-r2.apk	libstdc++-dev	15.2.0-r2	x86_64	https://dhi.io/apk/alpine/v3.23/main/x86_64/libstdc++-dev-15.2.0-r2.apk
759f00f19db057afad2036626ea175427ba4e9d915b500b3c0f174460df84aab	752199	libunistring-1.4.1-r0.apk	libunistring	1.4.1-r0	x86_64	https://dhi.io/apk/alpine/v3.23/main/x86_64/libunistring-1.4.1-r0.apk
93d80ab834615061f57b1331e443d97ad4b0a1892d52518737ff43d938b5eaaa	47739893	llvm16-16.0.6-r14.apk	llvm16	16.0.6-r14	x86_64	https://dhi.io/apk/alpine/v3.23/main/x86_64/llvm16-16.0.6-r14.apk
92727ea02e7449c2b88e5f2160677f1bdf5bd5b575fe3c98e3caefca2f0296eb	82623	llvm16-linker-tools-16.0.6-r14.apk	llvm16-linker-tools	16.0.6-r14	x86_64	https://dhi.io/apk/alpine/v3.23/main/x86_64/llvm16-linker-tools-16.0.6-r14.apk
f15c25dc0e71ba5577092279fd35b2ba1f46bb1d6344ddc8a41107df143da20b	32676	lz4-dev-1.10.0-r0.apk	lz4-dev	1.10.0-r0	x86_64	https://dhi.io/apk/alpine/v3.23/main/x86_64/lz4-dev-1.10.0-r0.apk
bec621c09aea22320d0f4bd581d173c6b82df4c05f071926994bc31d6c24e9e8	116066	make-4.4.1-r4.apk	make	4.4.1-r4	x86_64	https://dhi.io/apk/alpine/v3.23/main/x86_64/make-4.4.1-r4.apk
0466ec3defca461fd296bf9619a93be1d4abc9d030b01449abdba7566ceaa83a	48163	mpc1-1.3.1-r1.apk	mpc1	1.3.1-r1	x86_64	https://dhi.io/apk/alpine/v3.23/main/x86_64/mpc1-1.3.1-r1.apk
08e993902d7c11484cef833249636db4f52534027fccfc88a95ce7df41db0051	312188	mpfr4-4.2.2-r0.apk	mpfr4	4.2.2-r0	x86_64	https://dhi.io/apk/alpine/v3.23/main/x86_64/mpfr4-4.2.2-r0.apk
a1e5371601e3e75b88185795ef2f897a55a534cfba6bffc2731bb24975c50c9b	3414838	musl-dev-1.2.5-r23.apk	musl-dev	1.2.5-r23	x86_64	https://dhi.io/apk/alpine/v3.23/main/x86_64/musl-dev-1.2.5-r23.apk
6adf263445434ba884feb809d50276cbd6b26f543cc45cf0b1eba7eefb8eb222	63656	nghttp2-libs-1.70.0-r0.apk	nghttp2-libs	1.70.0-r0	x86_64	https://dhi.io/apk/alpine/v3.23/main/x86_64/nghttp2-libs-1.70.0-r0.apk
d411b76aadaa82820e275df6e87ed134a3356f8abe22971e5d73635695e28dfe	366513	openssl-dev-3.5.8-r1.apk	openssl-dev	3.5.8-r1	x86_64	https://dhi.io/apk/alpine/v3.23/main/x86_64/openssl-dev-3.5.8-r1.apk
2f8fad0e362bd02774f9d70c0b8f529be47e3f4a35fb616e23659e5adf0c0168	69306	patch-2.8-r0.apk	patch	2.8-r0	x86_64	https://dhi.io/apk/alpine/v3.23/main/x86_64/patch-2.8-r0.apk
93a3b5d870df08b07f1f60b178456dbc38cef2a2fc95461b09e635aabcfe0d8a	53959	pkgconf-2.5.1-r0.apk	pkgconf	2.5.1-r0	x86_64	https://dhi.io/apk/alpine/v3.23/main/x86_64/pkgconf-2.5.1-r0.apk
391e60692c72649174e54b9d2f30cfaa405b229c62f8c50c444f5795a64d06c1	1886186	postgresql15-dev-15.19-r0.apk	postgresql15-dev	15.19-r0	x86_64	https://dhi.io/apk/alpine/v3.23/main/x86_64/postgresql15-dev-15.19-r0.apk
b8bdc53f39bd46afd533e0f30a44786274c2fe89ac88f07b56a07824eaaf2f00	129749	zstd-1.5.7-r2.apk	zstd	1.5.7-r2	x86_64	https://dhi.io/apk/alpine/v3.23/main/x86_64/zstd-1.5.7-r2.apk
edf2638c7e3fa703baa144dcd716d02bddd8d2590a758423c65539f1472f70da	54709	zstd-dev-1.5.7-r2.apk	zstd-dev	1.5.7-r2	x86_64	https://dhi.io/apk/alpine/v3.23/main/x86_64/zstd-dev-1.5.7-r2.apk
